origin,row_type,source_file,split,role,query_id,question,document_family,threshold_name,threshold,raw_maximum_score,score_for_decision,expected_unanswerable,predicted_abstain,confusion_cell_abstention_positive,n_questions,TP,FP,TN,FN,abstention_precision,abstention_recall,answerable_recall,service_decision_reason
fresh,question,validation_evidence/fresh_development.json,development,calibration_questions_reused_for_reporting,reg_joker_tyre_definition,What is a Joker Tyre?,pcc-australia-regulations,runtime_fixed,0.2377,0.7898827195167542,0.7898827195167542,False,False,TN,,,,,,,,,
fresh,question,validation_evidence/fresh_development.json,development,calibration_questions_reused_for_reporting,reg_control_component_requirement,Are control components mandatory?,pcc-australia-regulations,runtime_fixed,0.2377,0.9853278994560242,0.9853278994560242,False,False,TN,,,,,,,,,
fresh,question,validation_evidence/fresh_development.json,development,calibration_questions_reused_for_reporting,reg_slick_tyre_definition,Which regulation defines a slick tyre?,pcc-australia-regulations,runtime_fixed,0.2377,0.9655115008354187,0.9655115008354187,False,False,TN,,,,,,,,,
fresh,question,validation_evidence/fresh_development.json,development,calibration_questions_reused_for_reporting,reg_round_alteration_precedence,What takes precedence when the regulations are altered for a specific round?,pcc-australia-regulations,runtime_fixed,0.2377,0.9933589100837708,0.9933589100837708,False,False,TN,,,,,,,,,
fresh,question,validation_evidence/fresh_development.json,development,calibration_questions_reused_for_reporting,reg_driver_minimum_age,What is the minimum driver age?,pcc-australia-regulations,runtime_fixed,0.2377,0.7364006042480469,0.7364006042480469,False,False,TN,,,,,,,,,
fresh,question,validation_evidence/fresh_development.json,development,calibration_questions_reused_for_reporting,reg_2026_calendar,Which circuits are on the 2026 championship calendar?,pcc-australia-regulations,runtime_fixed,0.2377,0.44420307874679565,0.44420307874679565,False,False,TN,,,,,,,,,
fresh,question,validation_evidence/fresh_development.json,development,calibration_questions_reused_for_reporting,failure_wrong_regulation_revision,What is a Joker Tyre?,unassigned,runtime_fixed,0.2377,,0.0,True,True,TP,,,,,,,,,
fresh,question,validation_evidence/fresh_development.json,development,calibration_questions_reused_for_reporting,aus_current_minimum_weight,What is the minimum weight of the car in Carrera Cup Australia?,pcc-australia-regulations,runtime_fixed,0.2377,0.6441131830215454,0.6441131830215454,False,False,TN,,,,,,,,,
fresh,question,validation_evidence/fresh_development.json,development,calibration_questions_reused_for_reporting,aus_current_racing_weight,What minimum racing weight must a Carrera Cup Australia car achieve?,pcc-australia-regulations,runtime_fixed,0.2377,0.8450494408607483,0.8450494408607483,False,False,TN,,,,,,,,,
fresh,question,validation_evidence/fresh_development.json,development,calibration_questions_reused_for_reporting,aus_2025_minimum_weight,What was the minimum car weight in the 2025 Carrera Cup Australia regulations?,pcc-australia-regulations,runtime_fixed,0.2377,0.6677979230880737,0.6677979230880737,False,False,TN,,,,,,,,,
fresh,question,validation_evidence/fresh_development.json,development,calibration_questions_reused_for_reporting,aus_driver_minimum_weight,"How much must a driver weigh in Carrera Cup Australia, and what happens if they weigh less?",pcc-australia-regulations,runtime_fixed,0.2377,0.843508780002594,0.843508780002594,False,False,TN,,,,,,,,,
fresh,question,validation_evidence/fresh_development.json,development,calibration_questions_reused_for_reporting,aus_fuel_remaining,How much fuel must remain in the car during a track session?,pcc-australia-regulations,runtime_fixed,0.2377,0.9906237721443176,0.9906237721443176,False,False,TN,,,,,,,,,
fresh,question,validation_evidence/fresh_development.json,development,calibration_questions_reused_for_reporting,aus_driver_age,How old must a driver be to compete in Carrera Cup Australia?,pcc-australia-regulations,runtime_fixed,0.2377,0.9074763655662537,0.9074763655662537,False,False,TN,,,,,,,,,
fresh,question,validation_evidence/fresh_development.json,development,calibration_questions_reused_for_reporting,aus_joker_tyre_allocation,How many Joker Tyres may a driver use per round and per season?,pcc-australia-regulations,runtime_fixed,0.2377,0.9810945987701416,0.9810945987701416,False,False,TN,,,,,,,,,
fresh,question,validation_evidence/fresh_development.json,development,calibration_questions_reused_for_reporting,abs_map_switch_torque,What tightening torque applies to the ABS map switch?,abs-m5,runtime_fixed,0.2377,0.9530133008956909,0.9530133008956909,False,False,TN,,,,,,,,,
fresh,question,validation_evidence/fresh_development.json,development,calibration_questions_reused_for_reporting,abs_brake_line_diameter,What brake line should be used to plumb the ABS M5 unit?,abs-m5,runtime_fixed,0.2377,0.9980276226997375,0.9980276226997375,False,False,TN,,,,,,,,,
fresh,question,validation_evidence/fresh_development.json,development,calibration_questions_reused_for_reporting,abs_reset_after_drive_cycle_fault,How is the ABS reset after a drive cycle fault?,abs-m5,runtime_fixed,0.2377,0.9892232418060303,0.9892232418060303,False,False,TN,,,,,,,,,
fresh,question,validation_evidence/fresh_development.json,development,calibration_questions_reused_for_reporting,abs_map_switch_positions,How many positions does the ABS function switch have?,abs-m5,runtime_fixed,0.2377,0.9349913001060486,0.9349913001060486,False,False,TN,,,,,,,,,
fresh,question,validation_evidence/fresh_development.json,development,calibration_questions_reused_for_reporting,abs_hydraulic_unit_weight,How much does the ABS M5 hydraulic unit weigh?,abs-m5,runtime_fixed,0.2377,0.793105959892273,0.793105959892273,False,False,TN,,,,,,,,,
fresh,question,validation_evidence/fresh_development.json,development,calibration_questions_reused_for_reporting,software_update_order,"In what order must the PowerBox, logger and display be updated?",cup-software-updates,runtime_fixed,0.2377,0.9655115008354187,0.9655115008354187,False,False,TN,,,,,,,,,
fresh,question,validation_evidence/fresh_development.json,development,calibration_questions_reused_for_reporting,ecu_temperature_range,What temperature range is the MS 6 harness connector rated for?,ms6-ecu,runtime_fixed,0.2377,0.9967268705368042,0.9967268705368042,False,False,TN,,,,,,,,,
fresh,question,validation_evidence/fresh_development.json,development,calibration_questions_reused_for_reporting,ecu_flywheel_sensor_type,Can the MS 6 use an inductive sensor for flywheel measurement?,ms6-ecu,runtime_fixed,0.2377,0.9950177073478699,0.9950177073478699,False,False,TN,,,,,,,,,
fresh,question,validation_evidence/fresh_development.json,development,calibration_questions_reused_for_reporting,part_front_left_caliper,What is the part number for the front left brake caliper on the 992 GT3 Cup?,part-catalogue-992,runtime_fixed,0.2377,0.9976586103439331,0.9976586103439331,False,False,TN,,,,,,,,,
fresh,question,validation_evidence/fresh_development.json,development,calibration_questions_reused_for_reporting,neg_drs_activation,Where are the DRS activation zones?,unassigned,runtime_fixed,0.2377,0.0026010938454419374,0.0026010938454419374,True,True,TP,,,,,,,,,
fresh,question,validation_evidence/fresh_development.json,development,calibration_questions_reused_for_reporting,neg_energy_recovery,How is the energy recovery system deployed on a qualifying lap?,unassigned,runtime_fixed,0.2377,0.014785407111048698,0.014785407111048698,True,True,TP,,,,,,,,,
fresh,question,validation_evidence/fresh_development.json,development,calibration_questions_reused_for_reporting,neg_push_to_pass,How many push to pass activations does each driver get?,unassigned,runtime_fixed,0.2377,0.03055986575782299,0.03055986575782299,True,True,TP,,,,,,,,,
fresh,question,validation_evidence/fresh_development.json,development,calibration_questions_reused_for_reporting,neg_success_ballast,How much success ballast is added after a race win?,unassigned,runtime_fixed,0.2377,0.025035424157977104,0.025035424157977104,True,True,TP,,,,,,,,,
fresh,aggregate,validation_evidence/fresh_development.json,development,,,,,runtime_fixed,0.2377,,,,,,27,5,0,22,0,1.0,1.0,1.0,
fresh,question,validation_evidence/fresh_development.json,development,calibration_questions_reused_for_reporting,reg_joker_tyre_definition,What is a Joker Tyre?,pcc-australia-regulations,saved_calibration_exact,0.237715570256114,0.7898827195167542,0.7898827195167542,False,False,TN,,,,,,,,,
fresh,question,validation_evidence/fresh_development.json,development,calibration_questions_reused_for_reporting,reg_control_component_requirement,Are control components mandatory?,pcc-australia-regulations,saved_calibration_exact,0.237715570256114,0.9853278994560242,0.9853278994560242,False,False,TN,,,,,,,,,
fresh,question,validation_evidence/fresh_development.json,development,calibration_questions_reused_for_reporting,reg_slick_tyre_definition,Which regulation defines a slick tyre?,pcc-australia-regulations,saved_calibration_exact,0.237715570256114,0.9655115008354187,0.9655115008354187,False,False,TN,,,,,,,,,
fresh,question,validation_evidence/fresh_development.json,development,calibration_questions_reused_for_reporting,reg_round_alteration_precedence,What takes precedence when the regulations are altered for a specific round?,pcc-australia-regulations,saved_calibration_exact,0.237715570256114,0.9933589100837708,0.9933589100837708,False,False,TN,,,,,,,,,
fresh,question,validation_evidence/fresh_development.json,development,calibration_questions_reused_for_reporting,reg_driver_minimum_age,What is the minimum driver age?,pcc-australia-regulations,saved_calibration_exact,0.237715570256114,0.7364006042480469,0.7364006042480469,False,False,TN,,,,,,,,,
fresh,question,validation_evidence/fresh_development.json,development,calibration_questions_reused_for_reporting,reg_2026_calendar,Which circuits are on the 2026 championship calendar?,pcc-australia-regulations,saved_calibration_exact,0.237715570256114,0.44420307874679565,0.44420307874679565,False,False,TN,,,,,,,,,
fresh,question,validation_evidence/fresh_development.json,development,calibration_questions_reused_for_reporting,failure_wrong_regulation_revision,What is a Joker Tyre?,unassigned,saved_calibration_exact,0.237715570256114,,0.0,True,True,TP,,,,,,,,,
fresh,question,validation_evidence/fresh_development.json,development,calibration_questions_reused_for_reporting,aus_current_minimum_weight,What is the minimum weight of the car in Carrera Cup Australia?,pcc-australia-regulations,saved_calibration_exact,0.237715570256114,0.6441131830215454,0.6441131830215454,False,False,TN,,,,,,,,,
fresh,question,validation_evidence/fresh_development.json,development,calibration_questions_reused_for_reporting,aus_current_racing_weight,What minimum racing weight must a Carrera Cup Australia car achieve?,pcc-australia-regulations,saved_calibration_exact,0.237715570256114,0.8450494408607483,0.8450494408607483,False,False,TN,,,,,,,,,
fresh,question,validation_evidence/fresh_development.json,development,calibration_questions_reused_for_reporting,aus_2025_minimum_weight,What was the minimum car weight in the 2025 Carrera Cup Australia regulations?,pcc-australia-regulations,saved_calibration_exact,0.237715570256114,0.6677979230880737,0.6677979230880737,False,False,TN,,,,,,,,,
fresh,question,validation_evidence/fresh_development.json,development,calibration_questions_reused_for_reporting,aus_driver_minimum_weight,"How much must a driver weigh in Carrera Cup Australia, and what happens if they weigh less?",pcc-australia-regulations,saved_calibration_exact,0.237715570256114,0.843508780002594,0.843508780002594,False,False,TN,,,,,,,,,
fresh,question,validation_evidence/fresh_development.json,development,calibration_questions_reused_for_reporting,aus_fuel_remaining,How much fuel must remain in the car during a track session?,pcc-australia-regulations,saved_calibration_exact,0.237715570256114,0.9906237721443176,0.9906237721443176,False,False,TN,,,,,,,,,
fresh,question,validation_evidence/fresh_development.json,development,calibration_questions_reused_for_reporting,aus_driver_age,How old must a driver be to compete in Carrera Cup Australia?,pcc-australia-regulations,saved_calibration_exact,0.237715570256114,0.9074763655662537,0.9074763655662537,False,False,TN,,,,,,,,,
fresh,question,validation_evidence/fresh_development.json,development,calibration_questions_reused_for_reporting,aus_joker_tyre_allocation,How many Joker Tyres may a driver use per round and per season?,pcc-australia-regulations,saved_calibration_exact,0.237715570256114,0.9810945987701416,0.9810945987701416,False,False,TN,,,,,,,,,
fresh,question,validation_evidence/fresh_development.json,development,calibration_questions_reused_for_reporting,abs_map_switch_torque,What tightening torque applies to the ABS map switch?,abs-m5,saved_calibration_exact,0.237715570256114,0.9530133008956909,0.9530133008956909,False,False,TN,,,,,,,,,
fresh,question,validation_evidence/fresh_development.json,development,calibration_questions_reused_for_reporting,abs_brake_line_diameter,What brake line should be used to plumb the ABS M5 unit?,abs-m5,saved_calibration_exact,0.237715570256114,0.9980276226997375,0.9980276226997375,False,False,TN,,,,,,,,,
fresh,question,validation_evidence/fresh_development.json,development,calibration_questions_reused_for_reporting,abs_reset_after_drive_cycle_fault,How is the ABS reset after a drive cycle fault?,abs-m5,saved_calibration_exact,0.237715570256114,0.9892232418060303,0.9892232418060303,False,False,TN,,,,,,,,,
fresh,question,validation_evidence/fresh_development.json,development,calibration_questions_reused_for_reporting,abs_map_switch_positions,How many positions does the ABS function switch have?,abs-m5,saved_calibration_exact,0.237715570256114,0.9349913001060486,0.9349913001060486,False,False,TN,,,,,,,,,
fresh,question,validation_evidence/fresh_development.json,development,calibration_questions_reused_for_reporting,abs_hydraulic_unit_weight,How much does the ABS M5 hydraulic unit weigh?,abs-m5,saved_calibration_exact,0.237715570256114,0.793105959892273,0.793105959892273,False,False,TN,,,,,,,,,
fresh,question,validation_evidence/fresh_development.json,development,calibration_questions_reused_for_reporting,software_update_order,"In what order must the PowerBox, logger and display be updated?",cup-software-updates,saved_calibration_exact,0.237715570256114,0.9655115008354187,0.9655115008354187,False,False,TN,,,,,,,,,
fresh,question,validation_evidence/fresh_development.json,development,calibration_questions_reused_for_reporting,ecu_temperature_range,What temperature range is the MS 6 harness connector rated for?,ms6-ecu,saved_calibration_exact,0.237715570256114,0.9967268705368042,0.9967268705368042,False,False,TN,,,,,,,,,
fresh,question,validation_evidence/fresh_development.json,development,calibration_questions_reused_for_reporting,ecu_flywheel_sensor_type,Can the MS 6 use an inductive sensor for flywheel measurement?,ms6-ecu,saved_calibration_exact,0.237715570256114,0.9950177073478699,0.9950177073478699,False,False,TN,,,,,,,,,
fresh,question,validation_evidence/fresh_development.json,development,calibration_questions_reused_for_reporting,part_front_left_caliper,What is the part number for the front left brake caliper on the 992 GT3 Cup?,part-catalogue-992,saved_calibration_exact,0.237715570256114,0.9976586103439331,0.9976586103439331,False,False,TN,,,,,,,,,
fresh,question,validation_evidence/fresh_development.json,development,calibration_questions_reused_for_reporting,neg_drs_activation,Where are the DRS activation zones?,unassigned,saved_calibration_exact,0.237715570256114,0.0026010938454419374,0.0026010938454419374,True,True,TP,,,,,,,,,
fresh,question,validation_evidence/fresh_development.json,development,calibration_questions_reused_for_reporting,neg_energy_recovery,How is the energy recovery system deployed on a qualifying lap?,unassigned,saved_calibration_exact,0.237715570256114,0.014785407111048698,0.014785407111048698,True,True,TP,,,,,,,,,
fresh,question,validation_evidence/fresh_development.json,development,calibration_questions_reused_for_reporting,neg_push_to_pass,How many push to pass activations does each driver get?,unassigned,saved_calibration_exact,0.237715570256114,0.03055986575782299,0.03055986575782299,True,True,TP,,,,,,,,,
fresh,question,validation_evidence/fresh_development.json,development,calibration_questions_reused_for_reporting,neg_success_ballast,How much success ballast is added after a race win?,unassigned,saved_calibration_exact,0.237715570256114,0.025035424157977104,0.025035424157977104,True,True,TP,,,,,,,,,
fresh,aggregate,validation_evidence/fresh_development.json,development,,,,,saved_calibration_exact,0.237715570256114,,,,,,27,5,0,22,0,1.0,1.0,1.0,
fresh,question,validation_evidence/fresh_test.json,test,excluded_from_saved_threshold_selection;historical_retrieval_exposure,tyre_n3r_dimensions,What are the N3R tyre dimensions and recommended wheel width?,tyre-data,runtime_fixed,0.2377,0.8384153246879578,0.8384153246879578,False,False,TN,,,,,,,,,
fresh,question,validation_evidence/fresh_test.json,test,excluded_from_saved_threshold_selection;historical_retrieval_exposure,tyre_n3_rolling_circumference,What is the rolling circumference of the front N3 tyre?,tyre-data,runtime_fixed,0.2377,0.542742133140564,0.542742133140564,False,False,TN,,,,,,,,,
fresh,question,validation_evidence/fresh_test.json,test,excluded_from_saved_threshold_selection;historical_retrieval_exposure,tyre_shoulder_temperature_delta,What is the maximum temperature difference between the inside and outside tyre shoulders?,tyre-data,runtime_fixed,0.2377,0.9320833086967468,0.9320833086967468,False,False,TN,,,,,,,,,
fresh,question,validation_evidence/fresh_test.json,test,excluded_from_saved_threshold_selection;historical_retrieval_exposure,tyre_unlisted_track_recommendation,Which recommendation applies to tracks that are not specifically listed?,tyre-data,runtime_fixed,0.2377,0.920647144317627,0.920647144317627,False,False,TN,,,,,,,,,
fresh,question,validation_evidence/fresh_test.json,test,excluded_from_saved_threshold_selection;historical_retrieval_exposure,tyre_n3r_standard_cold_pressure,What is the standard minimum cold pressure for the rear N3R tyre?,tyre-data,runtime_fixed,0.2377,0.3213534951210022,0.3213534951210022,False,False,TN,,,,,,,,,
fresh,question,validation_evidence/fresh_test.json,test,excluded_from_saved_threshold_selection;historical_retrieval_exposure,manual_intended_use,Is the Porsche 911 Cup 992 II designed for public-road driving?,porsche-technical-manual,runtime_fixed,0.2377,0.9674717783927917,0.9674717783927917,False,False,TN,,,,,,,,,
fresh,question,validation_evidence/fresh_test.json,test,excluded_from_saved_threshold_selection;historical_retrieval_exposure,manual_main_voltage_switch,Which switch position turns the main voltage supply on?,porsche-technical-manual,runtime_fixed,0.2377,0.9526622891426086,0.9526622891426086,False,False,TN,,,,,,,,,
fresh,question,validation_evidence/fresh_test.json,test,excluded_from_saved_threshold_selection;historical_retrieval_exposure,manual_fire_system_test,Why must the fire extinguisher system be tested in test mode?,porsche-technical-manual,runtime_fixed,0.2377,0.9987648725509644,0.9987648725509644,False,False,TN,,,,,,,,,
fresh,question,validation_evidence/fresh_test.json,test,excluded_from_saved_threshold_selection;historical_retrieval_exposure,conflict_n3r_pressure_sources,minimum cold pressure N3R,tyre-data,runtime_fixed,0.2377,0.46529632806777954,0.46529632806777954,False,False,TN,,,,,,,,,
fresh,question,validation_evidence/fresh_test.json,test,excluded_from_saved_threshold_selection;historical_retrieval_exposure,neg_budget_cap,What is the budget cap for the season?,unassigned,runtime_fixed,0.2377,0.012771867215633392,0.012771867215633392,True,True,TP,,,,,,,,,
fresh,question,validation_evidence/fresh_test.json,test,excluded_from_saved_threshold_selection;historical_retrieval_exposure,neg_turbo_boost_limit,What is the maximum turbocharger boost pressure permitted?,unassigned,runtime_fixed,0.2377,0.02876158617436886,0.02876158617436886,True,True,TP,,,,,,,,,
fresh,question,validation_evidence/fresh_test.json,test,excluded_from_saved_threshold_selection;historical_retrieval_exposure,neg_sprint_shootout,What is the sprint shootout format?,unassigned,runtime_fixed,0.2377,0.03283695504069328,0.03283695504069328,True,True,TP,,,,,,,,,
fresh,question,validation_evidence/fresh_test.json,test,excluded_from_saved_threshold_selection;historical_retrieval_exposure,neg_rallycross_joker,How does the rallycross joker lap work?,unassigned,runtime_fixed,0.2377,0.02190636843442917,0.02190636843442917,True,True,TP,,,,,,,,,
fresh,aggregate,validation_evidence/fresh_test.json,test,,,,,runtime_fixed,0.2377,,,,,,13,4,0,9,0,1.0,1.0,1.0,
fresh,question,validation_evidence/fresh_test.json,test,excluded_from_saved_threshold_selection;historical_retrieval_exposure,tyre_n3r_dimensions,What are the N3R tyre dimensions and recommended wheel width?,tyre-data,saved_calibration_exact,0.237715570256114,0.8384153246879578,0.8384153246879578,False,False,TN,,,,,,,,,
fresh,question,validation_evidence/fresh_test.json,test,excluded_from_saved_threshold_selection;historical_retrieval_exposure,tyre_n3_rolling_circumference,What is the rolling circumference of the front N3 tyre?,tyre-data,saved_calibration_exact,0.237715570256114,0.542742133140564,0.542742133140564,False,False,TN,,,,,,,,,
fresh,question,validation_evidence/fresh_test.json,test,excluded_from_saved_threshold_selection;historical_retrieval_exposure,tyre_shoulder_temperature_delta,What is the maximum temperature difference between the inside and outside tyre shoulders?,tyre-data,saved_calibration_exact,0.237715570256114,0.9320833086967468,0.9320833086967468,False,False,TN,,,,,,,,,
fresh,question,validation_evidence/fresh_test.json,test,excluded_from_saved_threshold_selection;historical_retrieval_exposure,tyre_unlisted_track_recommendation,Which recommendation applies to tracks that are not specifically listed?,tyre-data,saved_calibration_exact,0.237715570256114,0.920647144317627,0.920647144317627,False,False,TN,,,,,,,,,
fresh,question,validation_evidence/fresh_test.json,test,excluded_from_saved_threshold_selection;historical_retrieval_exposure,tyre_n3r_standard_cold_pressure,What is the standard minimum cold pressure for the rear N3R tyre?,tyre-data,saved_calibration_exact,0.237715570256114,0.3213534951210022,0.3213534951210022,False,False,TN,,,,,,,,,
fresh,question,validation_evidence/fresh_test.json,test,excluded_from_saved_threshold_selection;historical_retrieval_exposure,manual_intended_use,Is the Porsche 911 Cup 992 II designed for public-road driving?,porsche-technical-manual,saved_calibration_exact,0.237715570256114,0.9674717783927917,0.9674717783927917,False,False,TN,,,,,,,,,
fresh,question,validation_evidence/fresh_test.json,test,excluded_from_saved_threshold_selection;historical_retrieval_exposure,manual_main_voltage_switch,Which switch position turns the main voltage supply on?,porsche-technical-manual,saved_calibration_exact,0.237715570256114,0.9526622891426086,0.9526622891426086,False,False,TN,,,,,,,,,
fresh,question,validation_evidence/fresh_test.json,test,excluded_from_saved_threshold_selection;historical_retrieval_exposure,manual_fire_system_test,Why must the fire extinguisher system be tested in test mode?,porsche-technical-manual,saved_calibration_exact,0.237715570256114,0.9987648725509644,0.9987648725509644,False,False,TN,,,,,,,,,
fresh,question,validation_evidence/fresh_test.json,test,excluded_from_saved_threshold_selection;historical_retrieval_exposure,conflict_n3r_pressure_sources,minimum cold pressure N3R,tyre-data,saved_calibration_exact,0.237715570256114,0.46529632806777954,0.46529632806777954,False,False,TN,,,,,,,,,
fresh,question,validation_evidence/fresh_test.json,test,excluded_from_saved_threshold_selection;historical_retrieval_exposure,neg_budget_cap,What is the budget cap for the season?,unassigned,saved_calibration_exact,0.237715570256114,0.012771867215633392,0.012771867215633392,True,True,TP,,,,,,,,,
fresh,question,validation_evidence/fresh_test.json,test,excluded_from_saved_threshold_selection;historical_retrieval_exposure,neg_turbo_boost_limit,What is the maximum turbocharger boost pressure permitted?,unassigned,saved_calibration_exact,0.237715570256114,0.02876158617436886,0.02876158617436886,True,True,TP,,,,,,,,,
fresh,question,validation_evidence/fresh_test.json,test,excluded_from_saved_threshold_selection;historical_retrieval_exposure,neg_sprint_shootout,What is the sprint shootout format?,unassigned,saved_calibration_exact,0.237715570256114,0.03283695504069328,0.03283695504069328,True,True,TP,,,,,,,,,
fresh,question,validation_evidence/fresh_test.json,test,excluded_from_saved_threshold_selection;historical_retrieval_exposure,neg_rallycross_joker,How does the rallycross joker lap work?,unassigned,saved_calibration_exact,0.237715570256114,0.02190636843442917,0.02190636843442917,True,True,TP,,,,,,,,,
fresh,aggregate,validation_evidence/fresh_test.json,test,,,,,saved_calibration_exact,0.237715570256114,,,,,,13,4,0,9,0,1.0,1.0,1.0,
saved_recomputed,question,validation_evidence/historical/corpus-v2-development.json,development,calibration_questions_reused_for_reporting,reg_joker_tyre_definition,What is a Joker Tyre?,pcc-australia-regulations,runtime_fixed,0.2377,0.7895584106445312,0.7895584106445312,False,False,TN,,,,,,,,,
saved_recomputed,question,validation_evidence/historical/corpus-v2-development.json,development,calibration_questions_reused_for_reporting,reg_control_component_requirement,Are control components mandatory?,pcc-australia-regulations,runtime_fixed,0.2377,0.9853278994560242,0.9853278994560242,False,False,TN,,,,,,,,,
saved_recomputed,question,validation_evidence/historical/corpus-v2-development.json,development,calibration_questions_reused_for_reporting,reg_slick_tyre_definition,Which regulation defines a slick tyre?,pcc-australia-regulations,runtime_fixed,0.2377,0.9654463529586792,0.9654463529586792,False,False,TN,,,,,,,,,
saved_recomputed,question,validation_evidence/historical/corpus-v2-development.json,development,calibration_questions_reused_for_reporting,reg_round_alteration_precedence,What takes precedence when the regulations are altered for a specific round?,pcc-australia-regulations,runtime_fixed,0.2377,0.9933589100837708,0.9933589100837708,False,False,TN,,,,,,,,,
saved_recomputed,question,validation_evidence/historical/corpus-v2-development.json,development,calibration_questions_reused_for_reporting,reg_driver_minimum_age,What is the minimum driver age?,pcc-australia-regulations,runtime_fixed,0.2377,0.7364006042480469,0.7364006042480469,False,False,TN,,,,,,,,,
saved_recomputed,question,validation_evidence/historical/corpus-v2-development.json,development,calibration_questions_reused_for_reporting,reg_2026_calendar,Which circuits are on the 2026 championship calendar?,pcc-australia-regulations,runtime_fixed,0.2377,0.4449867904186249,0.4449867904186249,False,False,TN,,,,,,,,,
saved_recomputed,question,validation_evidence/historical/corpus-v2-development.json,development,calibration_questions_reused_for_reporting,failure_wrong_regulation_revision,What is a Joker Tyre?,unassigned,runtime_fixed,0.2377,,0.0,True,True,TP,,,,,,,,,
saved_recomputed,question,validation_evidence/historical/corpus-v2-development.json,development,calibration_questions_reused_for_reporting,aus_current_minimum_weight,What is the minimum weight of the car in Carrera Cup Australia?,pcc-australia-regulations,runtime_fixed,0.2377,0.6442251205444336,0.6442251205444336,False,False,TN,,,,,,,,,
saved_recomputed,question,validation_evidence/historical/corpus-v2-development.json,development,calibration_questions_reused_for_reporting,aus_current_racing_weight,What minimum racing weight must a Carrera Cup Australia car achieve?,pcc-australia-regulations,runtime_fixed,0.2377,0.8447935581207275,0.8447935581207275,False,False,TN,,,,,,,,,
saved_recomputed,question,validation_evidence/historical/corpus-v2-development.json,development,calibration_questions_reused_for_reporting,aus_2025_minimum_weight,What was the minimum car weight in the 2025 Carrera Cup Australia regulations?,pcc-australia-regulations,runtime_fixed,0.2377,0.6680145263671875,0.6680145263671875,False,False,TN,,,,,,,,,
saved_recomputed,question,validation_evidence/historical/corpus-v2-development.json,development,calibration_questions_reused_for_reporting,aus_driver_minimum_weight,"How much must a driver weigh in Carrera Cup Australia, and what happens if they weigh less?",pcc-australia-regulations,runtime_fixed,0.2377,0.843508780002594,0.843508780002594,False,False,TN,,,,,,,,,
saved_recomputed,question,validation_evidence/historical/corpus-v2-development.json,development,calibration_questions_reused_for_reporting,aus_fuel_remaining,How much fuel must remain in the car during a track session?,pcc-australia-regulations,runtime_fixed,0.2377,0.9906600117683411,0.9906600117683411,False,False,TN,,,,,,,,,
saved_recomputed,question,validation_evidence/historical/corpus-v2-development.json,development,calibration_questions_reused_for_reporting,aus_driver_age,How old must a driver be to compete in Carrera Cup Australia?,pcc-australia-regulations,runtime_fixed,0.2377,0.9074763655662537,0.9074763655662537,False,False,TN,,,,,,,,,
saved_recomputed,question,validation_evidence/historical/corpus-v2-development.json,development,calibration_questions_reused_for_reporting,aus_joker_tyre_allocation,How many Joker Tyres may a driver use per round and per season?,pcc-australia-regulations,runtime_fixed,0.2377,0.9811307191848755,0.9811307191848755,False,False,TN,,,,,,,,,
saved_recomputed,question,validation_evidence/historical/corpus-v2-development.json,development,calibration_questions_reused_for_reporting,abs_map_switch_torque,What tightening torque applies to the ABS map switch?,abs-m5,runtime_fixed,0.2377,0.9528381824493408,0.9528381824493408,False,False,TN,,,,,,,,,
saved_recomputed,question,validation_evidence/historical/corpus-v2-development.json,development,calibration_questions_reused_for_reporting,abs_brake_line_diameter,What brake line should be used to plumb the ABS M5 unit?,abs-m5,runtime_fixed,0.2377,0.9980276226997375,0.9980276226997375,False,False,TN,,,,,,,,,
saved_recomputed,question,validation_evidence/historical/corpus-v2-development.json,development,calibration_questions_reused_for_reporting,abs_reset_after_drive_cycle_fault,How is the ABS reset after a drive cycle fault?,abs-m5,runtime_fixed,0.2377,0.9892648458480835,0.9892648458480835,False,False,TN,,,,,,,,,
saved_recomputed,question,validation_evidence/historical/corpus-v2-development.json,development,calibration_questions_reused_for_reporting,abs_map_switch_positions,How many positions does the ABS function switch have?,abs-m5,runtime_fixed,0.2377,0.9351099133491516,0.9351099133491516,False,False,TN,,,,,,,,,
saved_recomputed,question,validation_evidence/historical/corpus-v2-development.json,development,calibration_questions_reused_for_reporting,abs_hydraulic_unit_weight,How much does the ABS M5 hydraulic unit weigh?,abs-m5,runtime_fixed,0.2377,0.7932661771774292,0.7932661771774292,False,False,TN,,,,,,,,,
saved_recomputed,question,validation_evidence/historical/corpus-v2-development.json,development,calibration_questions_reused_for_reporting,software_update_order,"In what order must the PowerBox, logger and display be updated?",cup-software-updates,runtime_fixed,0.2377,0.9655115008354187,0.9655115008354187,False,False,TN,,,,,,,,,
saved_recomputed,question,validation_evidence/historical/corpus-v2-development.json,development,calibration_questions_reused_for_reporting,ecu_temperature_range,What temperature range is the MS 6 harness connector rated for?,ms6-ecu,runtime_fixed,0.2377,0.9967268705368042,0.9967268705368042,False,False,TN,,,,,,,,,
saved_recomputed,question,validation_evidence/historical/corpus-v2-development.json,development,calibration_questions_reused_for_reporting,ecu_flywheel_sensor_type,Can the MS 6 use an inductive sensor for flywheel measurement?,ms6-ecu,runtime_fixed,0.2377,0.9950177073478699,0.9950177073478699,False,False,TN,,,,,,,,,
saved_recomputed,question,validation_evidence/historical/corpus-v2-development.json,development,calibration_questions_reused_for_reporting,part_front_left_caliper,What is the part number for the front left brake caliper on the 992 GT3 Cup?,part-catalogue-992,runtime_fixed,0.2377,0.9976586103439331,0.9976586103439331,False,False,TN,,,,,,,,,
saved_recomputed,question,validation_evidence/historical/corpus-v2-development.json,development,calibration_questions_reused_for_reporting,neg_drs_activation,Where are the DRS activation zones?,unassigned,runtime_fixed,0.2377,0.0026010938454419374,0.0026010938454419374,True,True,TP,,,,,,,,,
saved_recomputed,question,validation_evidence/historical/corpus-v2-development.json,development,calibration_questions_reused_for_reporting,neg_energy_recovery,How is the energy recovery system deployed on a qualifying lap?,unassigned,runtime_fixed,0.2377,0.014785407111048698,0.014785407111048698,True,True,TP,,,,,,,,,
saved_recomputed,question,validation_evidence/historical/corpus-v2-development.json,development,calibration_questions_reused_for_reporting,neg_push_to_pass,How many push to pass activations does each driver get?,unassigned,runtime_fixed,0.2377,0.030444350093603134,0.030444350093603134,True,True,TP,,,,,,,,,
saved_recomputed,question,validation_evidence/historical/corpus-v2-development.json,development,calibration_questions_reused_for_reporting,neg_success_ballast,How much success ballast is added after a race win?,unassigned,runtime_fixed,0.2377,0.02498779632151127,0.02498779632151127,True,True,TP,,,,,,,,,
saved_recomputed,aggregate,validation_evidence/historical/corpus-v2-development.json,development,,,,,runtime_fixed,0.2377,,,,,,27,5,0,22,0,1.0,1.0,1.0,
saved_recomputed,question,validation_evidence/historical/corpus-v2-development.json,development,calibration_questions_reused_for_reporting,reg_joker_tyre_definition,What is a Joker Tyre?,pcc-australia-regulations,saved_calibration_exact,0.237715570256114,0.7895584106445312,0.7895584106445312,False,False,TN,,,,,,,,,
saved_recomputed,question,validation_evidence/historical/corpus-v2-development.json,development,calibration_questions_reused_for_reporting,reg_control_component_requirement,Are control components mandatory?,pcc-australia-regulations,saved_calibration_exact,0.237715570256114,0.9853278994560242,0.9853278994560242,False,False,TN,,,,,,,,,
saved_recomputed,question,validation_evidence/historical/corpus-v2-development.json,development,calibration_questions_reused_for_reporting,reg_slick_tyre_definition,Which regulation defines a slick tyre?,pcc-australia-regulations,saved_calibration_exact,0.237715570256114,0.9654463529586792,0.9654463529586792,False,False,TN,,,,,,,,,
saved_recomputed,question,validation_evidence/historical/corpus-v2-development.json,development,calibration_questions_reused_for_reporting,reg_round_alteration_precedence,What takes precedence when the regulations are altered for a specific round?,pcc-australia-regulations,saved_calibration_exact,0.237715570256114,0.9933589100837708,0.9933589100837708,False,False,TN,,,,,,,,,
saved_recomputed,question,validation_evidence/historical/corpus-v2-development.json,development,calibration_questions_reused_for_reporting,reg_driver_minimum_age,What is the minimum driver age?,pcc-australia-regulations,saved_calibration_exact,0.237715570256114,0.7364006042480469,0.7364006042480469,False,False,TN,,,,,,,,,
saved_recomputed,question,validation_evidence/historical/corpus-v2-development.json,development,calibration_questions_reused_for_reporting,reg_2026_calendar,Which circuits are on the 2026 championship calendar?,pcc-australia-regulations,saved_calibration_exact,0.237715570256114,0.4449867904186249,0.4449867904186249,False,False,TN,,,,,,,,,
saved_recomputed,question,validation_evidence/historical/corpus-v2-development.json,development,calibration_questions_reused_for_reporting,failure_wrong_regulation_revision,What is a Joker Tyre?,unassigned,saved_calibration_exact,0.237715570256114,,0.0,True,True,TP,,,,,,,,,
saved_recomputed,question,validation_evidence/historical/corpus-v2-development.json,development,calibration_questions_reused_for_reporting,aus_current_minimum_weight,What is the minimum weight of the car in Carrera Cup Australia?,pcc-australia-regulations,saved_calibration_exact,0.237715570256114,0.6442251205444336,0.6442251205444336,False,False,TN,,,,,,,,,
saved_recomputed,question,validation_evidence/historical/corpus-v2-development.json,development,calibration_questions_reused_for_reporting,aus_current_racing_weight,What minimum racing weight must a Carrera Cup Australia car achieve?,pcc-australia-regulations,saved_calibration_exact,0.237715570256114,0.8447935581207275,0.8447935581207275,False,False,TN,,,,,,,,,
saved_recomputed,question,validation_evidence/historical/corpus-v2-development.json,development,calibration_questions_reused_for_reporting,aus_2025_minimum_weight,What was the minimum car weight in the 2025 Carrera Cup Australia regulations?,pcc-australia-regulations,saved_calibration_exact,0.237715570256114,0.6680145263671875,0.6680145263671875,False,False,TN,,,,,,,,,
saved_recomputed,question,validation_evidence/historical/corpus-v2-development.json,development,calibration_questions_reused_for_reporting,aus_driver_minimum_weight,"How much must a driver weigh in Carrera Cup Australia, and what happens if they weigh less?",pcc-australia-regulations,saved_calibration_exact,0.237715570256114,0.843508780002594,0.843508780002594,False,False,TN,,,,,,,,,
saved_recomputed,question,validation_evidence/historical/corpus-v2-development.json,development,calibration_questions_reused_for_reporting,aus_fuel_remaining,How much fuel must remain in the car during a track session?,pcc-australia-regulations,saved_calibration_exact,0.237715570256114,0.9906600117683411,0.9906600117683411,False,False,TN,,,,,,,,,
saved_recomputed,question,validation_evidence/historical/corpus-v2-development.json,development,calibration_questions_reused_for_reporting,aus_driver_age,How old must a driver be to compete in Carrera Cup Australia?,pcc-australia-regulations,saved_calibration_exact,0.237715570256114,0.9074763655662537,0.9074763655662537,False,False,TN,,,,,,,,,
saved_recomputed,question,validation_evidence/historical/corpus-v2-development.json,development,calibration_questions_reused_for_reporting,aus_joker_tyre_allocation,How many Joker Tyres may a driver use per round and per season?,pcc-australia-regulations,saved_calibration_exact,0.237715570256114,0.9811307191848755,0.9811307191848755,False,False,TN,,,,,,,,,
saved_recomputed,question,validation_evidence/historical/corpus-v2-development.json,development,calibration_questions_reused_for_reporting,abs_map_switch_torque,What tightening torque applies to the ABS map switch?,abs-m5,saved_calibration_exact,0.237715570256114,0.9528381824493408,0.9528381824493408,False,False,TN,,,,,,,,,
saved_recomputed,question,validation_evidence/historical/corpus-v2-development.json,development,calibration_questions_reused_for_reporting,abs_brake_line_diameter,What brake line should be used to plumb the ABS M5 unit?,abs-m5,saved_calibration_exact,0.237715570256114,0.9980276226997375,0.9980276226997375,False,False,TN,,,,,,,,,
saved_recomputed,question,validation_evidence/historical/corpus-v2-development.json,development,calibration_questions_reused_for_reporting,abs_reset_after_drive_cycle_fault,How is the ABS reset after a drive cycle fault?,abs-m5,saved_calibration_exact,0.237715570256114,0.9892648458480835,0.9892648458480835,False,False,TN,,,,,,,,,
saved_recomputed,question,validation_evidence/historical/corpus-v2-development.json,development,calibration_questions_reused_for_reporting,abs_map_switch_positions,How many positions does the ABS function switch have?,abs-m5,saved_calibration_exact,0.237715570256114,0.9351099133491516,0.9351099133491516,False,False,TN,,,,,,,,,
saved_recomputed,question,validation_evidence/historical/corpus-v2-development.json,development,calibration_questions_reused_for_reporting,abs_hydraulic_unit_weight,How much does the ABS M5 hydraulic unit weigh?,abs-m5,saved_calibration_exact,0.237715570256114,0.7932661771774292,0.7932661771774292,False,False,TN,,,,,,,,,
saved_recomputed,question,validation_evidence/historical/corpus-v2-development.json,development,calibration_questions_reused_for_reporting,software_update_order,"In what order must the PowerBox, logger and display be updated?",cup-software-updates,saved_calibration_exact,0.237715570256114,0.9655115008354187,0.9655115008354187,False,False,TN,,,,,,,,,
saved_recomputed,question,validation_evidence/historical/corpus-v2-development.json,development,calibration_questions_reused_for_reporting,ecu_temperature_range,What temperature range is the MS 6 harness connector rated for?,ms6-ecu,saved_calibration_exact,0.237715570256114,0.9967268705368042,0.9967268705368042,False,False,TN,,,,,,,,,
saved_recomputed,question,validation_evidence/historical/corpus-v2-development.json,development,calibration_questions_reused_for_reporting,ecu_flywheel_sensor_type,Can the MS 6 use an inductive sensor for flywheel measurement?,ms6-ecu,saved_calibration_exact,0.237715570256114,0.9950177073478699,0.9950177073478699,False,False,TN,,,,,,,,,
saved_recomputed,question,validation_evidence/historical/corpus-v2-development.json,development,calibration_questions_reused_for_reporting,part_front_left_caliper,What is the part number for the front left brake caliper on the 992 GT3 Cup?,part-catalogue-992,saved_calibration_exact,0.237715570256114,0.9976586103439331,0.9976586103439331,False,False,TN,,,,,,,,,
saved_recomputed,question,validation_evidence/historical/corpus-v2-development.json,development,calibration_questions_reused_for_reporting,neg_drs_activation,Where are the DRS activation zones?,unassigned,saved_calibration_exact,0.237715570256114,0.0026010938454419374,0.0026010938454419374,True,True,TP,,,,,,,,,
saved_recomputed,question,validation_evidence/historical/corpus-v2-development.json,development,calibration_questions_reused_for_reporting,neg_energy_recovery,How is the energy recovery system deployed on a qualifying lap?,unassigned,saved_calibration_exact,0.237715570256114,0.014785407111048698,0.014785407111048698,True,True,TP,,,,,,,,,
saved_recomputed,question,validation_evidence/historical/corpus-v2-development.json,development,calibration_questions_reused_for_reporting,neg_push_to_pass,How many push to pass activations does each driver get?,unassigned,saved_calibration_exact,0.237715570256114,0.030444350093603134,0.030444350093603134,True,True,TP,,,,,,,,,
saved_recomputed,question,validation_evidence/historical/corpus-v2-development.json,development,calibration_questions_reused_for_reporting,neg_success_ballast,How much success ballast is added after a race win?,unassigned,saved_calibration_exact,0.237715570256114,0.02498779632151127,0.02498779632151127,True,True,TP,,,,,,,,,
saved_recomputed,aggregate,validation_evidence/historical/corpus-v2-development.json,development,,,,,saved_calibration_exact,0.237715570256114,,,,,,27,5,0,22,0,1.0,1.0,1.0,
saved_recomputed,question,validation_evidence/historical/corpus-v2-test.json,test,excluded_from_saved_threshold_selection;historical_retrieval_exposure,tyre_n3r_dimensions,What are the N3R tyre dimensions and recommended wheel width?,tyre-data,runtime_fixed,0.2377,0.8384153246879578,0.8384153246879578,False,False,TN,,,,,,,,,
saved_recomputed,question,validation_evidence/historical/corpus-v2-test.json,test,excluded_from_saved_threshold_selection;historical_retrieval_exposure,tyre_n3_rolling_circumference,What is the rolling circumference of the front N3 tyre?,tyre-data,runtime_fixed,0.2377,0.542742133140564,0.542742133140564,False,False,TN,,,,,,,,,
saved_recomputed,question,validation_evidence/historical/corpus-v2-test.json,test,excluded_from_saved_threshold_selection;historical_retrieval_exposure,tyre_shoulder_temperature_delta,What is the maximum temperature difference between the inside and outside tyre shoulders?,tyre-data,runtime_fixed,0.2377,0.9320833086967468,0.9320833086967468,False,False,TN,,,,,,,,,
saved_recomputed,question,validation_evidence/historical/corpus-v2-test.json,test,excluded_from_saved_threshold_selection;historical_retrieval_exposure,tyre_unlisted_track_recommendation,Which recommendation applies to tracks that are not specifically listed?,tyre-data,runtime_fixed,0.2377,0.920647144317627,0.920647144317627,False,False,TN,,,,,,,,,
saved_recomputed,question,validation_evidence/historical/corpus-v2-test.json,test,excluded_from_saved_threshold_selection;historical_retrieval_exposure,tyre_n3r_standard_cold_pressure,What is the standard minimum cold pressure for the rear N3R tyre?,tyre-data,runtime_fixed,0.2377,0.3213534951210022,0.3213534951210022,False,False,TN,,,,,,,,,
saved_recomputed,question,validation_evidence/historical/corpus-v2-test.json,test,excluded_from_saved_threshold_selection;historical_retrieval_exposure,manual_intended_use,Is the Porsche 911 Cup 992 II designed for public-road driving?,porsche-technical-manual,runtime_fixed,0.2377,0.9674717783927917,0.9674717783927917,False,False,TN,,,,,,,,,
saved_recomputed,question,validation_evidence/historical/corpus-v2-test.json,test,excluded_from_saved_threshold_selection;historical_retrieval_exposure,manual_main_voltage_switch,Which switch position turns the main voltage supply on?,porsche-technical-manual,runtime_fixed,0.2377,0.9526622891426086,0.9526622891426086,False,False,TN,,,,,,,,,
saved_recomputed,question,validation_evidence/historical/corpus-v2-test.json,test,excluded_from_saved_threshold_selection;historical_retrieval_exposure,manual_fire_system_test,Why must the fire extinguisher system be tested in test mode?,porsche-technical-manual,runtime_fixed,0.2377,0.9987648725509644,0.9987648725509644,False,False,TN,,,,,,,,,
saved_recomputed,question,validation_evidence/historical/corpus-v2-test.json,test,excluded_from_saved_threshold_selection;historical_retrieval_exposure,conflict_n3r_pressure_sources,minimum cold pressure N3R,tyre-data,runtime_fixed,0.2377,0.46529632806777954,0.46529632806777954,False,False,TN,,,,,,,,,
saved_recomputed,question,validation_evidence/historical/corpus-v2-test.json,test,excluded_from_saved_threshold_selection;historical_retrieval_exposure,neg_budget_cap,What is the budget cap for the season?,unassigned,runtime_fixed,0.2377,0.012771867215633392,0.012771867215633392,True,True,TP,,,,,,,,,
saved_recomputed,question,validation_evidence/historical/corpus-v2-test.json,test,excluded_from_saved_threshold_selection;historical_retrieval_exposure,neg_turbo_boost_limit,What is the maximum turbocharger boost pressure permitted?,unassigned,runtime_fixed,0.2377,0.02876158617436886,0.02876158617436886,True,True,TP,,,,,,,,,
saved_recomputed,question,validation_evidence/historical/corpus-v2-test.json,test,excluded_from_saved_threshold_selection;historical_retrieval_exposure,neg_sprint_shootout,What is the sprint shootout format?,unassigned,runtime_fixed,0.2377,0.03283695504069328,0.03283695504069328,True,True,TP,,,,,,,,,
saved_recomputed,question,validation_evidence/historical/corpus-v2-test.json,test,excluded_from_saved_threshold_selection;historical_retrieval_exposure,neg_rallycross_joker,How does the rallycross joker lap work?,unassigned,runtime_fixed,0.2377,0.02190636843442917,0.02190636843442917,True,True,TP,,,,,,,,,
saved_recomputed,aggregate,validation_evidence/historical/corpus-v2-test.json,test,,,,,runtime_fixed,0.2377,,,,,,13,4,0,9,0,1.0,1.0,1.0,
saved_recomputed,question,validation_evidence/historical/corpus-v2-test.json,test,excluded_from_saved_threshold_selection;historical_retrieval_exposure,tyre_n3r_dimensions,What are the N3R tyre dimensions and recommended wheel width?,tyre-data,saved_calibration_exact,0.237715570256114,0.8384153246879578,0.8384153246879578,False,False,TN,,,,,,,,,
saved_recomputed,question,validation_evidence/historical/corpus-v2-test.json,test,excluded_from_saved_threshold_selection;historical_retrieval_exposure,tyre_n3_rolling_circumference,What is the rolling circumference of the front N3 tyre?,tyre-data,saved_calibration_exact,0.237715570256114,0.542742133140564,0.542742133140564,False,False,TN,,,,,,,,,
saved_recomputed,question,validation_evidence/historical/corpus-v2-test.json,test,excluded_from_saved_threshold_selection;historical_retrieval_exposure,tyre_shoulder_temperature_delta,What is the maximum temperature difference between the inside and outside tyre shoulders?,tyre-data,saved_calibration_exact,0.237715570256114,0.9320833086967468,0.9320833086967468,False,False,TN,,,,,,,,,
saved_recomputed,question,validation_evidence/historical/corpus-v2-test.json,test,excluded_from_saved_threshold_selection;historical_retrieval_exposure,tyre_unlisted_track_recommendation,Which recommendation applies to tracks that are not specifically listed?,tyre-data,saved_calibration_exact,0.237715570256114,0.920647144317627,0.920647144317627,False,False,TN,,,,,,,,,
saved_recomputed,question,validation_evidence/historical/corpus-v2-test.json,test,excluded_from_saved_threshold_selection;historical_retrieval_exposure,tyre_n3r_standard_cold_pressure,What is the standard minimum cold pressure for the rear N3R tyre?,tyre-data,saved_calibration_exact,0.237715570256114,0.3213534951210022,0.3213534951210022,False,False,TN,,,,,,,,,
saved_recomputed,question,validation_evidence/historical/corpus-v2-test.json,test,excluded_from_saved_threshold_selection;historical_retrieval_exposure,manual_intended_use,Is the Porsche 911 Cup 992 II designed for public-road driving?,porsche-technical-manual,saved_calibration_exact,0.237715570256114,0.9674717783927917,0.9674717783927917,False,False,TN,,,,,,,,,
saved_recomputed,question,validation_evidence/historical/corpus-v2-test.json,test,excluded_from_saved_threshold_selection;historical_retrieval_exposure,manual_main_voltage_switch,Which switch position turns the main voltage supply on?,porsche-technical-manual,saved_calibration_exact,0.237715570256114,0.9526622891426086,0.9526622891426086,False,False,TN,,,,,,,,,
saved_recomputed,question,validation_evidence/historical/corpus-v2-test.json,test,excluded_from_saved_threshold_selection;historical_retrieval_exposure,manual_fire_system_test,Why must the fire extinguisher system be tested in test mode?,porsche-technical-manual,saved_calibration_exact,0.237715570256114,0.9987648725509644,0.9987648725509644,False,False,TN,,,,,,,,,
saved_recomputed,question,validation_evidence/historical/corpus-v2-test.json,test,excluded_from_saved_threshold_selection;historical_retrieval_exposure,conflict_n3r_pressure_sources,minimum cold pressure N3R,tyre-data,saved_calibration_exact,0.237715570256114,0.46529632806777954,0.46529632806777954,False,False,TN,,,,,,,,,
saved_recomputed,question,validation_evidence/historical/corpus-v2-test.json,test,excluded_from_saved_threshold_selection;historical_retrieval_exposure,neg_budget_cap,What is the budget cap for the season?,unassigned,saved_calibration_exact,0.237715570256114,0.012771867215633392,0.012771867215633392,True,True,TP,,,,,,,,,
saved_recomputed,question,validation_evidence/historical/corpus-v2-test.json,test,excluded_from_saved_threshold_selection;historical_retrieval_exposure,neg_turbo_boost_limit,What is the maximum turbocharger boost pressure permitted?,unassigned,saved_calibration_exact,0.237715570256114,0.02876158617436886,0.02876158617436886,True,True,TP,,,,,,,,,
saved_recomputed,question,validation_evidence/historical/corpus-v2-test.json,test,excluded_from_saved_threshold_selection;historical_retrieval_exposure,neg_sprint_shootout,What is the sprint shootout format?,unassigned,saved_calibration_exact,0.237715570256114,0.03283695504069328,0.03283695504069328,True,True,TP,,,,,,,,,
saved_recomputed,question,validation_evidence/historical/corpus-v2-test.json,test,excluded_from_saved_threshold_selection;historical_retrieval_exposure,neg_rallycross_joker,How does the rallycross joker lap work?,unassigned,saved_calibration_exact,0.237715570256114,0.02190636843442917,0.02190636843442917,True,True,TP,,,,,,,,,
saved_recomputed,aggregate,validation_evidence/historical/corpus-v2-test.json,test,,,,,saved_calibration_exact,0.237715570256114,,,,,,13,4,0,9,0,1.0,1.0,1.0,
fresh_answer_service,question,validation_evidence/answer_tyre_n3r_dimensions.json,test,end_to_end_response_insufficient_evidence,tyre_n3r_dimensions,What are the N3R tyre dimensions and recommended wheel width?,tyre-data,runtime_fixed,0.2377,0.922062337398529,,False,False,TN,,,,,,,,,selected
fresh_answer_service,question,validation_evidence/answer_tyre_n3_rolling_circumference.json,test,end_to_end_response_insufficient_evidence,tyre_n3_rolling_circumference,What is the rolling circumference of the front N3 tyre?,tyre-data,runtime_fixed,0.2377,0.7959754467010498,,False,False,TN,,,,,,,,,selected
fresh_answer_service,question,validation_evidence/answer_tyre_shoulder_temperature_delta.json,test,end_to_end_response_insufficient_evidence,tyre_shoulder_temperature_delta,What is the maximum temperature difference between the inside and outside tyre shoulders?,tyre-data,runtime_fixed,0.2377,0.9315870404243469,,False,False,TN,,,,,,,,,selected
fresh_answer_service,question,validation_evidence/answer_tyre_unlisted_track_recommendation.json,test,end_to_end_response_insufficient_evidence,tyre_unlisted_track_recommendation,Which recommendation applies to tracks that are not specifically listed?,tyre-data,runtime_fixed,0.2377,0.925094723701477,,False,False,TN,,,,,,,,,selected
fresh_answer_service,question,validation_evidence/answer_tyre_n3r_standard_cold_pressure.json,test,end_to_end_response_insufficient_evidence,tyre_n3r_standard_cold_pressure,What is the standard minimum cold pressure for the rear N3R tyre?,tyre-data,runtime_fixed,0.2377,0.24944725632667542,,False,False,TN,,,,,,,,,selected
fresh_answer_service,question,validation_evidence/answer_manual_intended_use.json,test,end_to_end_response_insufficient_evidence,manual_intended_use,Is the Porsche 911 Cup 992 II designed for public-road driving?,porsche-technical-manual,runtime_fixed,0.2377,0.9567152261734009,,False,False,TN,,,,,,,,,selected
fresh_answer_service,question,validation_evidence/answer_manual_main_voltage_switch.json,test,end_to_end_response_insufficient_evidence,manual_main_voltage_switch,Which switch position turns the main voltage supply on?,porsche-technical-manual,runtime_fixed,0.2377,0.9688562154769897,,False,False,TN,,,,,,,,,selected
fresh_answer_service,question,validation_evidence/answer_manual_fire_system_test.json,test,end_to_end_response_insufficient_evidence,manual_fire_system_test,Why must the fire extinguisher system be tested in test mode?,porsche-technical-manual,runtime_fixed,0.2377,0.9985334873199463,,False,False,TN,,,,,,,,,selected
fresh_answer_service,question,validation_evidence/answer_conflict_n3r_pressure_sources.json,test,end_to_end_response_insufficient_evidence,conflict_n3r_pressure_sources,minimum cold pressure N3R,tyre-data,runtime_fixed,0.2377,0.46529632806777954,,False,False,TN,,,,,,,,,selected
fresh_answer_service,question,validation_evidence/answer_neg_budget_cap.json,test,end_to_end_response_insufficient_evidence,neg_budget_cap,What is the budget cap for the season?,unassigned,runtime_fixed,0.2377,0.02843603305518627,,True,True,TP,,,,,,,,,below_calibrated_threshold
fresh_answer_service,question,validation_evidence/answer_neg_turbo_boost_limit.json,test,end_to_end_response_insufficient_evidence,neg_turbo_boost_limit,What is the maximum turbocharger boost pressure permitted?,unassigned,runtime_fixed,0.2377,0.03258974477648735,,True,True,TP,,,,,,,,,below_calibrated_threshold
fresh_answer_service,question,validation_evidence/answer_neg_sprint_shootout.json,test,end_to_end_response_insufficient_evidence,neg_sprint_shootout,What is the sprint shootout format?,unassigned,runtime_fixed,0.2377,0.1037486344575882,,True,True,TP,,,,,,,,,below_calibrated_threshold
fresh_answer_service,question,validation_evidence/answer_neg_rallycross_joker.json,test,end_to_end_response_insufficient_evidence,neg_rallycross_joker,How does the rallycross joker lap work?,unassigned,runtime_fixed,0.2377,0.03021458350121975,,True,True,TP,,,,,,,,,below_calibrated_threshold
fresh_answer_service,aggregate,validation_evidence/answer_manifest.json,test,,,,,runtime_fixed,0.2377,,,,,,13,4,0,9,0,1.0,1.0,1.0,
